asset,feature,lag,pearson_r,pearson_p,spearman_r,spearman_p,n,oos_delta_accuracy,oos_median_delta,oos_folds,oos_positive_folds,pearson_q,oos_positive_rate,status,evidence_score
QQQ,macro_cpi_yoy,3,-0.08496150564598019,0.00021491310463570319,-0.07113159123864606,0.0019567709942489757,1893,0.007936507936507945,0.007936507936507908,9,5,0.03244660681639923,0.5555555555555556,INVESTIGATE,68.33
QQQ,macro_cpi_yoy,2,-0.08398726976395593,0.00025301502563558793,-0.07023036294841561,0.0022267690159534213,1894,0.00793650793650794,0.00793650793650802,9,6,0.03244660681639923,0.6666666666666666,KEEP,95.0
QQQ,macro_cpi_yoy,5,-0.08434483714590911,0.0002407467786526967,-0.07204938722267841,0.001717859773597841,1891,0.005291005291005291,0.007936507936507908,9,6,0.03244660681639923,0.6666666666666666,KEEP,95.0
QQQ,macro_cpi_yoy,10,-0.08624889017517545,0.00017674153038474603,-0.07313891764031782,0.0014807192082446708,1886,0.010912698412698436,0.007936507936507964,8,5,0.03244660681639923,0.625,KEEP,94.38
QQQ,macro_cpi_yoy,20,-0.08727631194047421,0.0001537783265400294,-0.0738729129074867,0.0013653066093599088,1876,0.007936507936507964,0.011904761904761918,8,5,0.03244660681639923,0.625,KEEP,94.38
QQQ,macro_cpi_change_30d,20,-0.07478029888772997,0.000608066328080731,-0.067061303855172,0.0021170508017527095,2098,-5.551115123125783e-18,0.003968253968253954,10,5,0.03688935723689768,0.5,WEAK,37.5
QQQ,macro_cpi_yoy,1,-0.08541099502222017,0.00019731666336391857,-0.07375003569594883,0.0013148705443414704,1895,0.0035273368606702125,0.0,9,4,0.03244660681639923,0.4444444444444444,WEAK,36.67
QQQ,macro_cpi_yoy,0,-0.08655993862538808,0.00016085358700131274,-0.07376475574654597,0.0013080576407276628,1896,0.001763668430335097,0.0,9,3,0.03244660681639923,0.3333333333333333,WEAK,35.0
SPY,macro_cpi_yoy,0,-0.08238520397644586,0.00032935386519836066,-0.06890540110424921,0.0026826219509863487,1896,0.022927689594356253,0.007936507936507964,9,5,0.03244660681639923,0.5555555555555556,INVESTIGATE,68.33
SPY,macro_cpi_yoy,2,-0.08027359219520794,0.00047078044872689447,-0.06600947830718583,0.004053371453700514,1894,0.01940035273368606,0.007936507936507908,9,5,0.03244660681639923,0.5555555555555556,INVESTIGATE,68.33
SPY,macro_cpi_yoy,3,-0.08032209481172017,0.0004686766405659617,-0.06567110601437945,0.004257057001878388,1893,0.017636684303350986,0.015873015873015928,9,5,0.03244660681639923,0.5555555555555556,INVESTIGATE,68.33
SPY,macro_cpi_yoy,20,-0.0834259927732158,0.00029767680629815213,-0.07066366629528255,0.0021954701952440754,1876,0.013888888888888874,0.007936507936507936,8,4,0.03244660681639923,0.5,INVESTIGATE,67.5
SPY,macro_cpi_yoy,10,-0.0802136084832091,0.0004887731742162897,-0.06712437353144739,0.003540495930655087,1886,0.024801587301587324,0.019841269841269854,8,6,0.03244660681639923,0.75,KEEP,96.25
SPY,macro_cpi_yoy,5,-0.07997857946007357,0.000499178566406142,-0.06761869772312444,0.0032624236487903586,1891,0.016754850088183434,0.015873015873015928,9,6,0.03244660681639923,0.6666666666666666,KEEP,95.0
SPY,macro_cpi_yoy,1,-0.08098359383427194,0.00041742285093672205,-0.0678526909362012,0.003124732798959141,1895,0.018518518518518528,0.0,9,4,0.03244660681639923,0.4444444444444444,WEAK,36.67
